{"cameraMode":{"drawMode":0,"name":"Shaded","section":"Shading Mode"},"sceneLighting":true,"audioPlay":false,"sceneViewState":{"m_AlwaysRefresh":false,"showFog":true,"showSkybox":true,"showFlares":true,"showImageEffects":true,"showParticleSystems":true,"showVisualEffectGraphs":true,"m_FxEnabled":true},"in2DMode":false,"pivot":{"x":27.916275024414064,"y":2.6897599697113039,"z":-0.8388411998748779},"rotation":{"x":-0.06295773386955261,"y":0.004491040483117104,"z":0.0002833052712958306,"w":0.9980060458183289},"size":13.975156784057618,"orthographic":true}